epoch,loss,lr,psnr,ssim_loss
0,0.03221038728952408,0.002,20.374725341796875,0.7515242099761963
1,0.015967894345521927,0.002,18.151044845581055,0.5890268087387085
2,0.01652020402252674,0.002,17.99821662902832,0.7521910667419434
3,0.0056708017364144325,0.002,22.92173957824707,0.5479447841644287
4,0.00337606412358582,0.002,24.713668823242188,0.44506755471229553
5,0.003475009696558118,0.002,24.669401168823242,0.5956559777259827
6,0.0022736622486263514,0.002,26.47759437561035,0.7885420918464661
7,0.0019011395052075386,0.002,27.230775833129883,0.8549089431762695
8,0.0018373358761891723,0.002,27.38495445251465,0.8617472052574158
9,0.0015948163345456123,0.002,28.0008487701416,0.8761516213417053
10,0.0014542803401127458,0.002,28.36126708984375,0.8832008838653564
11,0.0013803435722365975,0.002,28.61138916015625,0.8968467116355896
12,0.0013247508322820067,0.002,28.82017707824707,0.8819454312324524
13,0.0012949896045029163,0.002,28.865922927856445,0.8851493000984192
14,0.0012316997162997723,0.002,29.106691360473633,0.9053294062614441
15,0.0012026361655443907,0.002,29.20073890686035,0.9155480861663818
16,0.0011545256711542606,0.002,29.37357521057129,0.9181391596794128
17,0.0011220991145819426,0.002,29.522066116333008,0.9222061634063721
18,0.0010928469710052013,0.002,29.61667823791504,0.9214069247245789
19,0.0010671458439901471,0.002,29.7323055267334,0.9243634343147278
20,0.0010433513671159744,0.002,29.796491622924805,0.923496425151825
21,0.001021643984131515,0.002,29.92327308654785,0.9254661202430725
22,0.0010021720081567764,0.002,30.01696014404297,0.9270718693733215
23,0.0009812917560338974,0.002,30.091344833374023,0.9282315373420715
24,0.0009651642758399248,0.002,30.15477180480957,0.9301586151123047
25,0.0009495823760516942,0.002,30.24088478088379,0.9314929842948914
26,0.0009345263242721558,0.002,30.315702438354492,0.9331666827201843
27,0.0009199963533319533,0.002,30.380762100219727,0.934283435344696
28,0.0009012487134896219,0.002,30.45427131652832,0.9375534653663635
29,0.0010443554492667317,0.002,29.87380027770996,0.9337389469146729
30,0.0009260010556317866,0.002,30.39429473876953,0.9383986592292786
31,0.0009058433934114873,0.002,30.42205238342285,0.9374601244926453
32,0.0008722449420019984,0.002,30.6162109375,0.9393342137336731
33,0.0008625158225186169,0.002,30.640586853027344,0.9413854479789734
34,0.0008449575980193913,0.002,30.72507667541504,0.9425716400146484
35,0.0008344248053617775,0.002,30.772390365600586,0.9426755905151367
36,0.0008221690077334642,0.002,30.926910400390625,0.9437084794044495
37,0.0008098634425550699,0.002,30.983428955078125,0.9446104168891907
38,0.0008042110130190849,0.002,30.97693634033203,0.9450567364692688
39,0.0007968258578330278,0.002,30.97286033630371,0.9453642964363098
40,0.0007862511556595564,0.002,31.049726486206055,0.9462189078330994
41,0.0007799477898515761,0.002,31.126327514648438,0.9468790888786316
42,0.0007721124566160142,0.002,31.13953399658203,0.9472644925117493
43,0.0007643174612894654,0.002,31.165061950683594,0.9476849436759949
44,0.0007586425635963678,0.002,31.240509033203125,0.9479556083679199
45,0.0007533393218182027,0.002,31.214128494262695,0.9478893280029297
46,0.0007484914385713637,0.002,31.320505142211914,0.9484148025512695
47,0.0007433550199493766,0.002,31.32328987121582,0.9489514231681824
48,0.0007390371756628156,0.002,31.309431076049805,0.9488028883934021
49,0.0007346421480178833,0.002,31.34046745300293,0.9490900635719299
50,0.0007305886829271913,0.002,31.35822296142578,0.9496728777885437
51,0.0007270381902344525,0.002,31.36684226989746,0.949925422668457
52,0.0007233981741592288,0.002,31.402685165405273,0.9507074952125549
53,0.0007202317356131971,0.002,31.43039894104004,0.9509844779968262
54,0.0007172146579250693,0.002,31.4309024810791,0.9510293006896973
55,0.0007145222625695169,0.002,31.449235916137695,0.9510281682014465
56,0.0007120385998860002,0.002,31.49223518371582,0.951389491558075
57,0.0007095979526638985,0.002,31.481048583984375,0.951366126537323
58,0.0007073970045894384,0.002,31.493513107299805,0.9516503214836121
59,0.0007054790621623397,0.002,31.501113891601562,0.9514188766479492
60,0.0007034611189737916,0.002,31.528188705444336,0.9518176913261414
61,0.000701368844602257,0.002,31.57929801940918,0.9521617293357849
62,0.0006994905415922403,0.002,31.543350219726562,0.952003538608551
63,0.0006985476356931031,0.002,31.57367515563965,0.951653778553009
64,0.000698487798217684,0.002,31.561838150024414,0.9510571360588074
65,0.0006952314870432019,0.002,31.580551147460938,0.9525256156921387
66,0.0006968142115511,0.002,31.56727409362793,0.9514550566673279
67,0.0006930514355190098,0.002,31.609773635864258,0.9519283175468445
68,0.000692435191012919,0.002,31.62737274169922,0.9528157711029053
69,0.0006924126646481454,0.002,31.615188598632812,0.9518105983734131
70,0.0007009760593064129,0.002,31.540109634399414,0.9494631886482239
71,0.0006929095252417028,0.002,31.582368850708008,0.9520256519317627
72,0.0006878387648612261,0.002,31.63808250427246,0.9530747532844543
73,0.0006893586250953376,0.002,31.618179321289062,0.9455926418304443
74,0.0006853880477137864,0.002,31.707992553710938,0.9491415619850159
75,0.0006844425806775689,0.002,31.673654556274414,0.949592113494873
76,0.0006819777772761881,0.002,31.652420043945312,0.9515397548675537
77,0.0006808252073824406,0.002,31.660964965820312,0.9521819949150085
78,0.0006797565729357302,0.002,31.667551040649414,0.9523082375526428
79,0.0006777741946280003,0.002,31.713104248046875,0.9529273509979248
80,0.0006758291856385767,0.002,31.712587356567383,0.9534813761711121
81,0.0006746359285898507,0.002,31.721649169921875,0.9534775614738464
82,0.0006724130944348872,0.002,31.71116065979004,0.95334792137146
83,0.0006709146546199918,0.002,31.751266479492188,0.9540244936943054
84,0.000668646243866533,0.002,31.762893676757812,0.9539797306060791
85,0.0006668465211987495,0.002,31.760740280151367,0.9539791941642761
86,0.0006649751449003816,0.002,31.834091186523438,0.9543115496635437
87,0.0006631535943597555,0.002,31.806396484375,0.9543569087982178
88,0.0006636016769334674,0.002,31.774497985839844,0.9540804028511047
89,0.0007276259129866958,0.002,31.380813598632812,0.9504566192626953
90,0.0006946522044017911,0.002,31.617143630981445,0.9505434632301331
91,0.0006851127836853266,0.002,31.64048194885254,0.9520836472511292
92,0.0006802445277571678,0.002,31.727821350097656,0.9538564682006836
93,0.0006711286841891706,0.002,31.720064163208008,0.9528825879096985
94,0.000666781619656831,0.002,31.754831314086914,0.9532734751701355
95,0.0006634434685111046,0.002,31.81170082092285,0.9543054699897766
96,0.0006613092264160514,0.002,31.814172744750977,0.9544572234153748
97,0.0006607266841456294,0.002,31.840513229370117,0.9547434449195862
98,0.0006581612979061902,0.002,31.846702575683594,0.9540625214576721
99,0.0006525174831040204,0.002,31.846031188964844,0.9543929696083069
100,0.0006502456380985677,0.002,31.876916885375977,0.9549887776374817
101,0.0006485485355369747,0.002,31.905542373657227,0.9546939730644226
102,0.0006471926462836564,0.002,31.918596267700195,0.9550852179527283
103,0.0006456164992414415,0.002,31.902700424194336,0.9550701975822449
104,0.0006447843625210226,0.002,31.974523544311523,0.9555582404136658
105,0.0006438121199607849,0.002,31.9393253326416,0.9554646611213684
106,0.0006424869643524289,0.002,31.938629150390625,0.955561101436615
107,0.0006411889335140586,0.002,31.93885612487793,0.955578625202179
108,0.0006400658166967332,0.002,31.929428100585938,0.9555577635765076
109,0.0006390975904650986,0.002,31.990676879882812,0.9557314515113831
110,0.000638142169918865,0.002,31.936912536621094,0.9554911255836487
111,0.0006370337214320898,0.002,31.959562301635742,0.9556497931480408
112,0.0006360895931720734,0.002,31.957975387573242,0.9555623531341553
113,0.0006354606011882424,0.002,31.978979110717773,0.9558445811271667
114,0.0006343462155200541,0.002,31.960439682006836,0.9555709958076477
115,0.0006333169294521213,0.002,31.968963623046875,0.9559131264686584
116,0.0006323191919364035,0.002,31.999130249023438,0.955761194229126
117,0.0006316129583865404,0.002,32.02170181274414,0.9560143351554871
118,0.0006310256430879235,0.002,31.983413696289062,0.9558730125427246
119,0.0006302106776274741,0.002,32.041168212890625,0.9559800028800964
120,0.0006294919294305146,0.002,32.010047912597656,0.9558923840522766
121,0.0006287417490966618,0.002,32.036399841308594,0.9560026526451111
122,0.000630517490208149,0.002,32.018856048583984,0.9560873508453369
123,0.000630087626632303,0.002,31.999143600463867,0.9559335708618164
124,0.0006272423779591918,0.002,32.0716667175293,0.9560287594795227
125,0.0006295162602327764,0.002,32.00979232788086,0.9561219215393066
126,0.0006246613338589668,0.002,32.04412078857422,0.9562260508537292
127,0.0006242895033210516,0.002,32.04278564453125,0.9562132358551025
128,0.0006225338438525796,0.002,32.06804275512695,0.9562281966209412
129,0.0006213131709955633,0.002,32.06540298461914,0.9562126994132996
130,0.0006220921641215682,0.002,32.08372116088867,0.956465482711792
131,0.0006198742194101214,0.002,32.07787322998047,0.9563002586364746
132,0.0006231176084838808,0.002,32.07536315917969,0.9566023945808411
133,0.0006216909387148917,0.002,32.096961975097656,0.9565491676330566
134,0.0006174055160954595,0.002,32.07600784301758,0.9563313126564026
135,0.0006222439114935696,0.002,32.11317825317383,0.9566199779510498
136,0.000615774595644325,0.002,32.09664535522461,0.9564792513847351
137,0.000623223022557795,0.002,32.04865646362305,0.9563820362091064
138,0.0006150809349492192,0.002,32.13716125488281,0.9567682147026062
139,0.0006142811034806073,0.002,32.130313873291016,0.9564760327339172
140,0.0006111260154284537,0.002,32.12643814086914,0.9564786553382874
141,0.0006073826807551086,0.002,32.19661331176758,0.9570109248161316
142,0.0006061982130631804,0.002,32.16268539428711,0.9568822383880615
143,0.0006041379529051483,0.002,32.2185173034668,0.9568148255348206
144,0.0006048170034773648,0.002,32.19490051269531,0.9569485783576965
145,0.0006021730368956923,0.002,32.2651252746582,0.9570757746696472
146,0.000609571929089725,0.002,32.16281509399414,0.9562090039253235
147,0.0006032817764207721,0.002,32.22288131713867,0.9569774270057678
148,0.0006006130715832114,0.002,32.206031799316406,0.9564142227172852
149,0.0005990192294120789,0.002,32.225406646728516,0.9569438099861145
150,0.000599153630901128,0.002,32.239471435546875,0.9565946459770203
151,0.0005971009377390146,0.002,32.26151657104492,0.9571578502655029
152,0.0005943867145106196,0.002,32.29719161987305,0.9571916460990906
153,0.0005914986249990761,0.002,32.303836822509766,0.957305908203125
154,0.0005879553500562906,0.002,32.33443069458008,0.9576811194419861
155,0.0005859884549863636,0.002,32.301300048828125,0.9571358561515808
156,0.0005833691684529185,0.002,32.347652435302734,0.9573480486869812
157,0.0005824744584970176,0.002,32.350547790527344,0.9576829075813293
158,0.000580925727263093,0.002,32.3813591003418,0.9578425288200378
159,0.0005778673221357167,0.002,32.385929107666016,0.9577276110649109
160,0.0005807195557281375,0.002,32.35714340209961,0.9575104713439941
161,0.0005778705235570669,0.002,32.37577819824219,0.9577345252037048
162,0.0005726187373511493,0.002,32.43658447265625,0.9577329754829407
163,0.000579721643589437,0.002,32.37220764160156,0.9578579068183899
164,0.0005711777484975755,0.002,32.42938232421875,0.9579896330833435
165,0.0005667331861332059,0.002,32.47880554199219,0.958278477191925
166,0.0005684475763700902,0.002,32.45636749267578,0.9581200480461121
167,0.0005645424826070666,0.002,32.5222282409668,0.9586138129234314
168,0.0005620468873530626,0.002,32.494510650634766,0.9585811495780945
169,0.0005576969706453383,0.002,32.54453659057617,0.9588384628295898
170,0.0005547486362047493,0.002,32.57659149169922,0.9589896202087402
171,0.0005499545368365943,0.002,32.6455192565918,0.9593124985694885
172,0.0005490874173119664,0.002,32.59074783325195,0.9588583111763
173,0.0005513845244422555,0.002,32.59454345703125,0.9593114852905273
174,0.0005445340648293495,0.002,32.645118713378906,0.9592806696891785
175,0.0005379143403843045,0.002,32.6810417175293,0.959639847278595
176,0.0005387651617638767,0.002,32.698604583740234,0.9596614837646484
177,0.0005322208162397146,0.002,32.72944259643555,0.9595997929573059
178,0.0005408330471254885,0.002,32.6903190612793,0.9595854878425598
179,0.0005321718635968864,0.002,32.763160705566406,0.9597780704498291
180,0.0005284535582177341,0.002,32.76638412475586,0.9594177603721619
181,0.0005291327834129333,0.002,32.76788330078125,0.9594665169715881
182,0.0005322837387211621,0.002,32.73661804199219,0.9594623446464539
183,0.0005283812060952187,0.002,32.760467529296875,0.9599869847297668
184,0.0005190070951357484,0.002,32.83953094482422,0.9602025151252747
185,0.0005142732406966388,0.002,32.879573822021484,0.9608699679374695
186,0.0005084208678454161,0.002,32.923133850097656,0.9609543681144714
187,0.0005044350982643664,0.002,32.98219299316406,0.9613304138183594
188,0.0005009032902307808,0.002,33.006439208984375,0.9615656733512878
189,0.0005002214456908405,0.002,33.02302169799805,0.9614178538322449
190,0.000498423061799258,0.002,33.011959075927734,0.9617834687232971
191,0.0004941772785969079,0.002,33.054542541503906,0.9616336822509766
192,0.0004954555770382285,0.002,33.0926628112793,0.9621248245239258
193,0.00048721404164098203,0.002,33.15977096557617,0.9624955058097839
194,0.0004839893081225455,0.002,33.160404205322266,0.9624526500701904
195,0.0004784933407790959,0.002,33.19355773925781,0.9626416563987732
196,0.0004774922854267061,0.002,33.20113754272461,0.9628100395202637
197,0.0004708830965682864,0.002,33.26118087768555,0.9629420638084412
198,0.00046783851576037705,0.002,33.30153274536133,0.9634394645690918
199,0.0004629014292731881,0.002,33.3581428527832,0.9636409282684326
200,0.000459617527667433,0.002,33.4097900390625,0.964033305644989
201,0.0004555324849206954,0.002,33.400238037109375,0.9639264941215515
202,0.0004593283811118454,0.002,33.36248779296875,0.963775634765625
203,0.00045841099927201867,0.002,33.43687057495117,0.963721513748169
204,0.0004603335401043296,0.002,33.364593505859375,0.963594377040863
205,0.0004545407136902213,0.002,33.42702865600586,0.964242160320282
206,0.0004504290409386158,0.002,33.44617462158203,0.9640750885009766
207,0.0004500883223954588,0.002,33.527278900146484,0.964414119720459
208,0.00044638861436396837,0.002,33.5534553527832,0.9648091793060303
209,0.00044143199920654297,0.002,33.57423400878906,0.9648359417915344
210,0.00043644345714710653,0.002,33.609195709228516,0.9651718139648438
211,0.0004317629791330546,0.002,33.641937255859375,0.9652549624443054
212,0.00042717347969301045,0.002,33.73418045043945,0.9659316539764404
213,0.00042359327198937535,0.002,33.73278045654297,0.965846836566925
214,0.00041896410402841866,0.002,33.79289245605469,0.9662565588951111
215,0.0004136759089305997,0.002,33.84834289550781,0.9665672183036804
216,0.0004100191581528634,0.002,33.8744010925293,0.9665969014167786
217,0.00040462802280671895,0.002,33.944583892822266,0.967045783996582
218,0.0004015123995486647,0.002,33.95384216308594,0.9670472145080566
219,0.00039840821409597993,0.002,34.0105094909668,0.9674148559570312
220,0.0004000397166237235,0.002,33.969791412353516,0.9671375751495361
221,0.0003943933406844735,0.002,34.06009292602539,0.9675441384315491
222,0.00038929685251787305,0.002,34.0820426940918,0.967681348323822
223,0.00038664971361868083,0.002,34.10865783691406,0.9678457379341125
224,0.00038345521898008883,0.002,34.165645599365234,0.9681887626647949
225,0.00037743308348581195,0.002,34.22314453125,0.9684774279594421
226,0.00037721250555478036,0.002,34.23516845703125,0.9684610366821289
227,0.0003745364665519446,0.002,34.25693130493164,0.9685511589050293
228,0.0003775594523176551,0.002,34.23161315917969,0.9684341549873352
229,0.00037937238812446594,0.002,34.2102165222168,0.9687709212303162
230,0.0003786793095059693,0.002,34.210365295410156,0.9687010645866394
231,0.00036842297413386405,0.002,34.334068298339844,0.9690083861351013
232,0.00036249260301701725,0.002,34.39194869995117,0.9694631695747375
233,0.00035876125912182033,0.002,34.49745559692383,0.9697301387786865
234,0.0003543758066371083,0.002,34.512542724609375,0.9699346423149109
235,0.00035234892857261,0.002,34.514217376708984,0.9699311852455139
236,0.0003583042707759887,0.002,34.4548225402832,0.9695582985877991
237,0.00034992798464372754,0.002,34.56966018676758,0.9702818989753723
238,0.0003502871550153941,0.002,34.570884704589844,0.970324695110321
239,0.00034356876858510077,0.002,34.62643814086914,0.9704340100288391
240,0.00034291556221432984,0.002,34.650882720947266,0.9704995155334473
241,0.00033445292501710355,0.002,34.755130767822266,0.9708967208862305
242,0.0003334011125843972,0.002,34.81779861450195,0.9712783694267273
243,0.000329557282384485,0.002,34.807437896728516,0.9712066650390625
244,0.0003438209823798388,0.002,34.64268112182617,0.9710032343864441
245,0.00032716302666813135,0.002,34.84994888305664,0.9715287089347839
246,0.00032972253393381834,0.002,34.82243728637695,0.9716417193412781
247,0.0003255146148148924,0.002,34.878231048583984,0.9713630676269531
248,0.00032392595312558115,0.002,34.90289306640625,0.9715635776519775
249,0.00032815863960422575,0.002,34.82495880126953,0.9713199734687805
250,0.0003237106720916927,0.002,34.91396713256836,0.9716887474060059
251,0.00032087965519167483,0.002,34.965518951416016,0.9717863202095032
252,0.0003160865162499249,0.002,34.98782730102539,0.9719581604003906
253,0.00031196328927762806,0.002,35.06340789794922,0.9721536040306091
254,0.0003087197837885469,0.002,35.0997200012207,0.9722906947135925
255,0.00030269139097072184,0.002,35.19652557373047,0.9727621674537659
256,0.0002964469895232469,0.002,35.271728515625,0.9731351733207703
257,0.0002913844655267894,0.002,35.35749435424805,0.9734218716621399
258,0.00028743594884872437,0.002,35.41567611694336,0.9736473560333252
259,0.000283876433968544,0.002,35.468441009521484,0.9739659428596497
260,0.00028140973881818354,0.002,35.51419448852539,0.9740409255027771
261,0.000278423132840544,0.002,35.55514907836914,0.9741933345794678
262,0.00027616319130174816,0.002,35.5754280090332,0.9743965268135071
263,0.00027472188230603933,0.002,35.61687469482422,0.9745147824287415
264,0.0002781129442155361,0.002,35.54856491088867,0.9745005965232849
265,0.00027738057542592287,0.002,35.57358169555664,0.9745389819145203
266,0.0002675625728443265,0.002,35.73707580566406,0.975119411945343
267,0.000271364493528381,0.002,35.68578338623047,0.9751936793327332
268,0.0002642545150592923,0.002,35.770694732666016,0.9753537178039551
269,0.00027249078266322613,0.002,35.65408706665039,0.9752289652824402
270,0.0002675163559615612,0.002,35.74225997924805,0.9750876426696777
271,0.00026682252064347267,0.002,35.765865325927734,0.9751255512237549
272,0.00026365366647951305,0.002,35.7741813659668,0.9753432273864746
273,0.0002583212626632303,0.002,35.89145278930664,0.9755241274833679
274,0.00025434119743295014,0.002,35.94792556762695,0.9758591055870056
275,0.0002505140146240592,0.002,36.00273513793945,0.9760971069335938
276,0.00025346275651827455,0.002,35.97966384887695,0.9758777618408203
277,0.0002492582716513425,0.002,36.03749465942383,0.9761354923248291
278,0.000249990145675838,0.002,36.00899887084961,0.9760820865631104
279,0.00025354736135341227,0.002,35.943817138671875,0.9758281111717224
280,0.0002522313443478197,0.002,35.988399505615234,0.9759231209754944
281,0.00024691931321285665,0.002,36.08698654174805,0.9764306545257568
282,0.0002417670184513554,0.002,36.1950798034668,0.976662814617157
283,0.00023950441391207278,0.002,36.210227966308594,0.9767782092094421
284,0.00023630110081285238,0.002,36.26655197143555,0.9770671725273132
285,0.00023105446598492563,0.002,36.352783203125,0.9773664474487305
286,0.00022719823755323887,0.002,36.42551040649414,0.9776014685630798
287,0.00023177046386990696,0.002,36.366058349609375,0.9775252938270569
288,0.000227346972678788,0.002,36.43674850463867,0.9777966141700745
289,0.00022462087508756667,0.002,36.48136520385742,0.9780314564704895
290,0.00022082016221247613,0.002,36.569515228271484,0.9782389998435974
291,0.0002178422437282279,0.002,36.610721588134766,0.9783176779747009
292,0.00021845083392690867,0.002,36.60689163208008,0.9784672856330872
293,0.00021353212650865316,0.002,36.71152877807617,0.978644847869873
294,0.00021546587231568992,0.002,36.660491943359375,0.9784868359565735
295,0.00021730773732997477,0.002,36.621646881103516,0.9783821105957031
296,0.0002154154353775084,0.002,36.69727325439453,0.9786320328712463
297,0.0002146597544196993,0.002,36.71297836303711,0.9785787463188171
298,0.00022304935555439442,0.002,36.54670333862305,0.9781398773193359
299,0.00021646416280418634,0.002,36.64531326293945,0.9786581993103027
300,0.00021296681370586157,0.002,36.71804428100586,0.9786822199821472
301,0.00021006594761274755,0.002,36.791908264160156,0.9789994359016418
302,0.00020612511434592307,0.002,36.85690689086914,0.979308545589447
303,0.0002035411453107372,0.002,36.94166564941406,0.9795102477073669
304,0.00019990321015939116,0.002,36.98884582519531,0.9795901775360107
305,0.0001966849813470617,0.002,37.058349609375,0.9798922538757324
306,0.00019920375780202448,0.002,37.01519775390625,0.9800871014595032
307,0.00019356053962837905,0.002,37.1347770690918,0.980169951915741
308,0.0001930892321979627,0.002,37.155338287353516,0.9802703857421875
309,0.0001943376992130652,0.002,37.117740631103516,0.9801972508430481
310,0.00018914282554760575,0.002,37.23630905151367,0.9804326891899109
311,0.0001913759479066357,0.002,37.189815521240234,0.9803898930549622
312,0.0001875834568636492,0.002,37.26844024658203,0.9807090759277344
313,0.0001834855938795954,0.002,37.352691650390625,0.9807655811309814
314,0.0001829570537665859,0.002,37.37882995605469,0.9808817505836487
315,0.0001813994167605415,0.002,37.408939361572266,0.9809519648551941
316,0.00017904079868458211,0.002,37.47111892700195,0.9811673164367676
317,0.00017828542331699282,0.002,37.47200012207031,0.9811928868293762
318,0.00017695041606202722,0.002,37.51359176635742,0.9814135432243347
319,0.00017376818868797272,0.002,37.60404586791992,0.9816110134124756
320,0.00017123458383139223,0.002,37.66194534301758,0.9818463921546936
321,0.00017053184274118394,0.002,37.68282699584961,0.9818465113639832
322,0.00017276716243941337,0.002,37.61865997314453,0.9818651676177979
323,0.00017385007231496274,0.002,37.61442947387695,0.9819705486297607
324,0.00017379278142470866,0.002,37.60731887817383,0.982052743434906
325,0.0001679432753007859,0.002,37.7496223449707,0.9822648167610168
326,0.00017030902381520718,0.002,37.68446731567383,0.9818515181541443
327,0.0001649835321586579,0.002,37.82131576538086,0.9823489785194397
328,0.00016418477753177285,0.002,37.85067367553711,0.982513964176178
329,0.0001626008452149108,0.002,37.892887115478516,0.9825596213340759
330,0.00016038479225244373,0.002,37.94123840332031,0.9826671481132507
331,0.00016080851492006332,0.002,37.93532943725586,0.9827415943145752
332,0.00016184811829589307,0.002,37.90473556518555,0.9827439188957214
333,0.00016791826055850834,0.002,37.75486373901367,0.9824059009552002
334,0.00016829915693961084,0.002,37.7352294921875,0.982581615447998
335,0.00016295979730784893,0.002,37.88747024536133,0.9827877879142761
336,0.00015703444660175592,0.002,38.04637908935547,0.9830589890480042
337,0.00015604225336574018,0.002,38.07596206665039,0.9832051396369934
338,0.00015582084597554058,0.002,38.06863021850586,0.9830872416496277
339,0.0001541689707664773,0.002,38.11393737792969,0.9833833575248718
340,0.00015651223657187074,0.002,38.04462432861328,0.9831954836845398
341,0.00015727919526398182,0.002,38.036834716796875,0.9832499623298645
342,0.0001530554873170331,0.002,38.15419006347656,0.9835569262504578
343,0.00015064183389768004,0.002,38.2215576171875,0.983623743057251
344,0.0001529914152342826,0.002,38.16344451904297,0.983642041683197
345,0.0001507139386376366,0.002,38.22636032104492,0.9838852882385254
346,0.0001454055163776502,0.002,38.3720588684082,0.9840648174285889
347,0.00014387036208063364,0.002,38.42326354980469,0.984281063079834
348,0.00014330842532217503,0.002,38.43111038208008,0.9843290448188782
349,0.00013915238378103822,0.002,38.5656852722168,0.9845349788665771
350,0.00013793275866191834,0.002,38.61204528808594,0.9846081733703613
351,0.00013697250687982887,0.002,38.63487243652344,0.9846981167793274
352,0.00013507739640772343,0.002,38.689571380615234,0.9848254323005676
353,0.00013520849461201578,0.002,38.69157791137695,0.9849006533622742
354,0.0001334358676103875,0.002,38.74476623535156,0.9850106239318848
355,0.00013301573926582932,0.002,38.748046875,0.9850004315376282
356,0.00013720901915803552,0.002,38.620906829833984,0.9846225380897522
357,0.00013624504208564758,0.002,38.64710998535156,0.9847696423530579
358,0.00013985564874019474,0.002,38.53720474243164,0.9848973155021667
359,0.00015522900503128767,0.002,38.08635330200195,0.9845026135444641
360,0.0001467789988964796,0.002,38.337345123291016,0.9847370982170105
361,0.00015306685236282647,0.002,38.16415023803711,0.9846045970916748
362,0.00014442265091929585,0.002,38.40158462524414,0.9845138192176819
363,0.00014549383195117116,0.002,38.38822937011719,0.9847434163093567
364,0.00013877241872251034,0.002,38.566593170166016,0.984954833984375
365,0.00014393737365026027,0.002,38.45939254760742,0.984807550907135
366,0.00013721614959649742,0.002,38.61384963989258,0.9850557446479797
367,0.00013481901260092854,0.002,38.71303176879883,0.9853181838989258
368,0.00013198351371102035,0.002,38.823299407958984,0.9854835867881775
369,0.00012913504906464368,0.002,38.892295837402344,0.9855601787567139
370,0.0001263342855963856,0.002,38.99677276611328,0.9858652949333191
371,0.0001253265218110755,0.002,39.02628707885742,0.9858777523040771
372,0.00012190214329166338,0.002,39.142181396484375,0.9862015843391418
373,0.00012142382911406457,0.002,39.14811325073242,0.9861586689949036
374,0.00011982550495304167,0.002,39.211483001708984,0.9862954020500183
375,0.00011822681699413806,0.002,39.29038619995117,0.9865301251411438
376,0.00011620712029980496,0.002,39.33759307861328,0.9865263104438782
377,0.0001200622646138072,0.002,39.21624755859375,0.9862170815467834
378,0.00011923233250854537,0.002,39.234806060791016,0.9863365292549133
379,0.00011663028271868825,0.002,39.333499908447266,0.9866076111793518
380,0.00011683106276905164,0.002,39.322845458984375,0.9865821003913879
381,0.00011499405081849545,0.002,39.38804626464844,0.986724317073822
382,0.00011383104720152915,0.002,39.44563674926758,0.9869000315666199
383,0.00011211064702365547,0.002,39.49576187133789,0.9869320392608643
384,0.00011326520325383171,0.002,39.45561599731445,0.986896812915802
385,0.00011125246237497777,0.002,39.539337158203125,0.9870594143867493
386,0.00010973760799970478,0.002,39.60639953613281,0.9872407913208008
387,0.00011156824621139094,0.002,39.51515197753906,0.9871261119842529
388,0.00011227311188122258,0.002,39.48056411743164,0.986947774887085
389,0.00011629283108050004,0.002,39.35255813598633,0.986755907535553
390,0.00011554047523532063,0.002,39.3884391784668,0.9869475960731506
391,0.00011576776159927249,0.002,39.370548248291016,0.9869493842124939
392,0.00011523658031364903,0.002,39.37897872924805,0.9869561195373535
393,0.00011422701209085062,0.002,39.41447830200195,0.9870408177375793
394,0.0001109014920075424,0.002,39.54969787597656,0.9873000979423523
395,0.00011020940291928127,0.002,39.589717864990234,0.9873796105384827
396,0.00010915833991020918,0.002,39.615230560302734,0.9874169826507568
397,0.00010718876001192257,0.002,39.69685745239258,0.9875586628913879
398,0.00010608434968162328,0.002,39.7416877746582,0.9877368807792664
399,0.00010843437485164031,0.002,39.64567184448242,0.9876051545143127
400,0.0001097072017728351,0.002,39.58860778808594,0.9875432848930359
401,0.00011127931793453172,0.002,39.53768539428711,0.9875583648681641
402,0.000113251808215864,0.002,39.45878982543945,0.9872960448265076
403,0.00010592534090392292,0.002,39.762908935546875,0.9878261685371399
404,0.00011290664406260476,0.002,39.474124908447266,0.9874976277351379
405,0.00010682109859772027,0.002,39.70973587036133,0.9877716898918152
406,0.00010862687486223876,0.002,39.65041732788086,0.9876868724822998
407,0.00010666043090168387,0.002,39.724979400634766,0.9876899719238281
408,0.00010516850306885317,0.002,39.782203674316406,0.9878069758415222
409,0.00010859258327400312,0.002,39.62704849243164,0.9874795079231262
410,0.00011309430556138977,0.002,39.453731536865234,0.9871546626091003
411,0.00011005649867001921,0.002,39.61201858520508,0.9875941276550293
412,0.00011153813102282584,0.002,39.52055358886719,0.987475574016571
413,0.00010557242057984695,0.002,39.76801300048828,0.9879846572875977
414,0.00010428616951685399,0.002,39.81062316894531,0.9879980087280273
415,0.0001026407117024064,0.002,39.88201904296875,0.988085925579071
416,0.00010247135651297867,0.002,39.89872360229492,0.9882119297981262
417,9.915290866047144e-05,0.002,40.02830123901367,0.9883596301078796
418,9.763341950019822e-05,0.002,40.09422302246094,0.988511323928833
419,9.814235818339512e-05,0.002,40.076847076416016,0.9884586930274963
420,9.59716344368644e-05,0.002,40.176849365234375,0.9887077212333679
421,9.514208068139851e-05,0.002,40.21079635620117,0.9887229800224304
422,9.6010000561364e-05,0.002,40.18307113647461,0.9886862635612488
423,9.337562369182706e-05,0.002,40.29910659790039,0.9888653755187988
424,9.255902841687202e-05,0.002,40.33073043823242,0.9889607429504395
425,9.291199239669368e-05,0.002,40.330196380615234,0.988997757434845
426,9.542399493511766e-05,0.002,40.19058609008789,0.9889662861824036
427,0.00011112975334981456,0.002,39.535831451416016,0.988562285900116
428,0.00010821881733136252,0.002,39.7093391418457,0.9887425303459167
429,0.00010189222666667774,0.002,39.9286003112793,0.9882276654243469
430,9.709985897643492e-05,0.002,40.13128662109375,0.9885661005973816
431,9.998637688113376e-05,0.002,39.98859786987305,0.9884440302848816
432,9.753602353157476e-05,0.002,40.098209381103516,0.9886524081230164
433,9.457135456614196e-05,0.002,40.2407112121582,0.9890255928039551
434,9.428787598153576e-05,0.002,40.28232192993164,0.98907470703125
435,9.164802759187296e-05,0.002,40.370460510253906,0.9892241358757019
436,9.012132068164647e-05,0.002,40.44210433959961,0.9893021583557129
437,8.985522435978055e-05,0.002,40.45471954345703,0.9893062710762024
438,8.797792543191463e-05,0.002,40.557464599609375,0.9895029067993164
439,8.725061343284324e-05,0.002,40.58335494995117,0.9895474314689636
440,8.773656008997932e-05,0.002,40.581172943115234,0.9895685315132141
441,9.095091081690043e-05,0.002,40.43156814575195,0.9893186688423157
442,8.87748901732266e-05,0.002,40.511322021484375,0.9894280433654785
443,8.814720786176622e-05,0.002,40.53398513793945,0.9894985556602478
444,9.208699339069426e-05,0.002,40.35908508300781,0.9894022941589355
445,9.018656419357285e-05,0.002,40.45435333251953,0.9894217848777771
446,8.870916644809768e-05,0.002,40.522796630859375,0.9895119667053223
447,9.221171785611659e-05,0.002,40.34427261352539,0.9894998669624329
448,0.00010034049046225846,0.002,39.97975540161133,0.9892663359642029
449,9.364329162053764e-05,0.002,40.31010818481445,0.9894964694976807
450,8.701307524461299e-05,0.002,40.597816467285156,0.9897735714912415
451,9.325404244009405e-05,0.002,40.303993225097656,0.9896397590637207
452,9.169064287561923e-05,0.002,40.36053466796875,0.9896324276924133
453,0.00010083938832394779,0.002,39.97934341430664,0.9894620776176453
454,8.512541535310447e-05,0.002,40.690269470214844,0.9899089932441711
455,8.932567288866267e-05,0.002,40.51280212402344,0.9898684024810791
456,8.511334453942254e-05,0.002,40.686893463134766,0.9899000525474548
457,9.013200178742409e-05,0.002,40.458553314208984,0.9898338317871094
458,8.736993913771585e-05,0.002,40.576698303222656,0.9897732734680176
459,8.97532154340297e-05,0.002,40.51199722290039,0.9898614883422852
460,8.788779086899012e-05,0.002,40.57968521118164,0.9896742701530457
461,8.662427717354149e-05,0.002,40.62964630126953,0.9898068308830261
462,8.313840953633189e-05,0.002,40.80002975463867,0.9900660514831543
463,8.23069058242254e-05,0.002,40.848575592041016,0.9901881217956543
464,8.253275882452726e-05,0.002,40.83035659790039,0.9901795983314514
465,8.148361666826531e-05,0.002,40.883270263671875,0.9902399182319641
466,7.976846245583147e-05,0.002,40.99722671508789,0.9903950095176697
467,8.04890223662369e-05,0.002,40.9451789855957,0.9903390407562256
468,7.99747504061088e-05,0.002,40.97356033325195,0.9904457926750183
469,7.850789552321658e-05,0.002,41.04194641113281,0.9905055165290833
470,7.875473966123536e-05,0.002,41.034481048583984,0.9905149340629578
471,7.826984801795334e-05,0.002,41.055545806884766,0.9905011057853699
472,7.667164027225226e-05,0.002,41.142635345458984,0.9906459450721741
473,7.607403676956892e-05,0.002,41.19349670410156,0.9907293915748596
474,7.535190525231883e-05,0.002,41.24140930175781,0.990851640701294
475,7.540787191828713e-05,0.002,41.22639083862305,0.9908018112182617
476,7.47103476896882e-05,0.002,41.264034271240234,0.9908736348152161
477,7.538693898823112e-05,0.002,41.21919631958008,0.9908349514007568
478,7.533745520049706e-05,0.002,41.250736236572266,0.9908268451690674
479,7.359449955401942e-05,0.002,41.323673248291016,0.9909517765045166
480,7.573628681711853e-05,0.002,41.24721908569336,0.990961492061615
481,7.323706813622266e-05,0.002,41.33467483520508,0.9909269213676453
482,7.502540393033996e-05,0.002,41.24009323120117,0.9908328056335449
483,7.817975711077452e-05,0.002,41.05777359008789,0.9906204342842102
484,8.4290950326249e-05,0.002,40.725128173828125,0.9902222752571106
485,8.706947119208053e-05,0.002,40.60066223144531,0.9899873733520508
486,8.365650865016505e-05,0.002,40.7772216796875,0.9902879595756531
487,8.093821088550612e-05,0.002,40.913394927978516,0.9904541969299316
488,8.016555511858314e-05,0.002,40.98281478881836,0.9906330704689026
489,7.797688886057585e-05,0.002,41.077754974365234,0.9908013343811035
490,7.681726856390014e-05,0.002,41.17115783691406,0.9909035563468933
491,7.57799280108884e-05,0.002,41.218589782714844,0.9909965991973877
492,7.624171848874539e-05,0.002,41.1911735534668,0.9910492897033691
493,7.484951493097469e-05,0.002,41.25358581542969,0.9910297393798828
494,7.304007158381864e-05,0.002,41.36263656616211,0.9911993145942688
495,7.168597221607342e-05,0.002,41.44838333129883,0.9912611842155457
496,7.171883044065908e-05,0.002,41.445552825927734,0.9912864565849304
497,7.285746687557548e-05,0.002,41.36984634399414,0.991259753704071
498,7.390618702629581e-05,0.002,41.3172492980957,0.9912986755371094
499,7.340817683143541e-05,0.002,41.3531494140625,0.9914453625679016
500,7.010938134044409e-05,1.3140966e-05,41.53982925415039,0.9914992451667786
501,6.886683695483953e-05,1.3009557e-05,41.6263313293457,0.9916048645973206
502,6.712361209793016e-05,1.2879461e-05,41.72275161743164,0.99165278673172
503,6.577291060239077e-05,1.2750666e-05,41.81144332885742,0.991740882396698
504,6.51625741738826e-05,1.262316e-05,41.86664581298828,0.9918118119239807
505,6.503516488010064e-05,1.2496928e-05,41.86103439331055,0.9917905926704407
506,6.504880730062723e-05,1.2371958e-05,41.863189697265625,0.991823136806488
507,6.498406582977623e-05,1.2248239e-05,41.89830017089844,0.9918649196624756
508,6.482453318312764e-05,1.2125757e-05,41.88936996459961,0.9918320775032043
509,6.463766476372257e-05,1.2004499e-05,41.89836502075195,0.9918315410614014
510,6.44991232547909e-05,1.1884455e-05,41.90353775024414,0.9918633103370667
511,6.442168523790315e-05,1.176561e-05,41.928016662597656,0.9918769001960754
512,6.43809325993061e-05,1.1647953e-05,41.90283966064453,0.9918270111083984
513,6.435036630136892e-05,1.1531474e-05,41.92156219482422,0.9918633103370667
514,6.431363726733252e-05,1.1416159e-05,41.91413879394531,0.9918493628501892
515,6.42712038825266e-05,1.1301998e-05,41.91791915893555,0.9918680191040039
516,6.423068407457322e-05,1.1188978e-05,41.91975784301758,0.9918492436408997
517,6.41973310848698e-05,1.1077088e-05,41.92622756958008,0.9918591976165771
518,6.417055556084961e-05,1.0966317e-05,41.915889739990234,0.9918115735054016
519,6.415012467186898e-05,1.0856654e-05,41.94301986694336,0.9919025301933289
520,6.41318183625117e-05,1.0748087e-05,41.91756820678711,0.991844654083252
521,6.411414506146684e-05,1.0640607e-05,41.92659378051758,0.991864025592804
522,6.409647176042199e-05,1.0534201e-05,41.936622619628906,0.9919063448905945
523,6.407858745660633e-05,1.0428858e-05,41.931522369384766,0.9918854832649231
524,6.406290049199015e-05,1.032457e-05,41.94169235229492,0.9918942451477051
525,6.404738815035671e-05,1.0221324e-05,41.93398666381836,0.9918849468231201
526,6.403448787750676e-05,1.0119111e-05,41.92909240722656,0.9918541312217712
527,6.402119470294565e-05,1.00179195e-05,41.9420051574707,0.9918892979621887
528,6.400891288649291e-05,9.9177405e-06,41.963321685791016,0.9919338822364807
529,6.399723497452214e-05,9.818563e-06,41.94564437866211,0.9918818473815918
530,6.39857244095765e-05,9.720377e-06,41.94606399536133,0.9919031262397766
531,6.397486868081614e-05,9.623173e-06,41.9470100402832,0.9918830990791321
532,6.396428216248751e-05,9.526942e-06,41.93217849731445,0.9918596148490906
533,6.395419040927663e-05,9.431673e-06,41.92954635620117,0.9918633103370667
534,6.394424417521805e-05,9.337356e-06,41.94834518432617,0.9919116497039795
535,6.393517833203077e-05,9.243982e-06,41.950069427490234,0.9919049143791199
536,6.392595241777599e-05,9.151542e-06,41.94606018066406,0.9918684363365173
537,6.391715578502044e-05,9.060027e-06,41.955352783203125,0.9919175505638123
538,6.390875932993367e-05,8.969427e-06,41.935550689697266,0.9918548464775085
539,6.390053022187203e-05,8.879732e-06,41.94662857055664,0.9918873310089111
540,6.389250484062359e-05,8.790935e-06,41.946659088134766,0.9918718934059143
541,6.388498877640814e-05,8.703026e-06,41.93477249145508,0.9918619990348816
542,6.387742178048939e-05,8.615995e-06,41.940860748291016,0.9918835759162903
543,6.386986206052825e-05,8.529835e-06,41.95219421386719,0.9919039607048035
544,6.386289169313386e-05,8.444537e-06,41.95039367675781,0.9918966889381409
545,6.385584129020572e-05,8.360092e-06,41.95832824707031,0.9919130802154541
546,6.384922016877681e-05,8.276491e-06,41.94621276855469,0.9918875098228455
547,6.38425990473479e-05,8.193726e-06,41.941951751708984,0.9918832778930664
548,6.38361307210289e-05,8.111789e-06,41.946346282958984,0.9918743968009949
549,6.382975698215887e-05,8.030671e-06,41.9406623840332,0.9918813109397888
550,6.382368883350864e-05,7.950364e-06,41.94590377807617,0.991894006729126
551,6.381764251273125e-05,7.870861e-06,41.94644546508789,0.9918928146362305
552,6.381169077940285e-05,7.792152e-06,41.963871002197266,0.9919074177742004
553,6.380606646416709e-05,7.71423e-06,41.9532470703125,0.9918904304504395
554,6.380045670084655e-05,7.637088e-06,41.95081329345703,0.9918873906135559
555,6.379488331731409e-05,7.560717e-06,41.9566650390625,0.9919078350067139
556,6.378944090101868e-05,7.48511e-06,41.96315002441406,0.9919187426567078
557,6.378425314323977e-05,7.410259e-06,41.9482421875,0.9918816089630127
558,6.37790362816304e-05,7.3361566e-06,41.95392990112305,0.9919037818908691
559,6.377389945555478e-05,7.262795e-06,41.95927047729492,0.9918994307518005
560,6.376921373885125e-05,7.190167e-06,41.9432487487793,0.9918434023857117
561,6.376417877618223e-05,7.1182653e-06,41.96396255493164,0.9919288754463196
562,6.375947123160586e-05,7.0470824e-06,41.99058151245117,0.9919746518135071
563,6.37547709629871e-05,6.9766115e-06,41.95161056518555,0.991884708404541
564,6.375029624905437e-05,6.9068456e-06,41.966190338134766,0.9919255375862122
565,6.374564691213891e-05,6.837777e-06,41.9613151550293,0.9919003844261169
566,6.37411285424605e-05,6.7693995e-06,41.947471618652344,0.9918624758720398
567,6.37369739706628e-05,6.7017054e-06,41.96071243286133,0.9919078350067139
568,6.373263022396713e-05,6.6346884e-06,41.9539794921875,0.991904079914093
569,6.372846110025421e-05,6.5683416e-06,41.94520568847656,0.9918705821037292
570,6.372430652845651e-05,6.502658e-06,41.990726470947266,0.9919662475585938
571,6.372035568347201e-05,6.4376313e-06,41.95980453491211,0.9918713569641113
572,6.371638301061466e-05,6.373255e-06,41.958892822265625,0.9919160008430481
573,6.371246854541823e-05,6.3095226e-06,41.94968032836914,0.9918658137321472
574,6.370861956384033e-05,6.2464273e-06,41.95242691040039,0.9919095039367676
575,6.370486516971141e-05,6.1839633e-06,41.96160888671875,0.9919049143791199
576,6.37012199149467e-05,6.1221235e-06,41.96767807006836,0.9919220805168152
577,6.369753100443631e-05,6.0609023e-06,41.95457458496094,0.9918822646141052
578,6.369394395733252e-05,6.000293e-06,41.96666717529297,0.9919176697731018
579,6.369032780639827e-05,5.94029e-06,41.95964050292969,0.9919093251228333
580,6.368682807078585e-05,5.8808873e-06,41.95588684082031,0.9918932318687439
581,6.368352478602901e-05,5.8220785e-06,41.95999526977539,0.9919154047966003
582,6.36800832580775e-05,5.7638576e-06,41.972816467285156,0.9919297695159912
583,6.367682362906635e-05,5.7062193e-06,41.95542526245117,0.9919002652168274
584,6.367354944813997e-05,5.649157e-06,41.952335357666016,0.9918785095214844
585,6.367034075083211e-05,5.5926653e-06,41.986114501953125,0.9919418692588806
586,6.366707384586334e-05,5.5367386e-06,41.97488021850586,0.9919074177742004
587,6.366408342728391e-05,5.4813713e-06,41.97025680541992,0.9919361472129822
588,6.366096204146743e-05,5.4265574e-06,41.950992584228516,0.9918666481971741
589,6.365796434693038e-05,5.372292e-06,41.959293365478516,0.9919105172157288
590,6.365488661685959e-05,5.318569e-06,41.96560287475586,0.9918985962867737
591,6.365197623381391e-05,5.2653836e-06,41.96916961669922,0.9919033646583557
592,6.36490440228954e-05,5.21273e-06,41.96307373046875,0.9918932318687439
593,6.364623550325632e-05,5.160602e-06,41.95185470581055,0.9918742179870605
594,6.364342698361725e-05,5.1089964e-06,41.95496368408203,0.991885244846344
595,6.364067667163908e-05,5.0579065e-06,41.995304107666016,0.9919726848602295
596,6.363778811646625e-05,5.007327e-06,41.982421875,0.9919465184211731
597,6.363521970342845e-05,4.957254e-06,41.94915771484375,0.9918515086174011
598,6.363249121932313e-05,4.9076816e-06,41.9926643371582,0.9919800758361816
599,6.362989370245486e-05,4.858605e-06,41.97580337524414,0.9919297099113464
600,6.362726708175614e-05,4.8100187e-06,41.96357345581055,0.9919142723083496
601,6.36247787042521e-05,4.7619183e-06,41.95705795288086,0.9918801188468933
602,6.362219573929906e-05,4.7142994e-06,41.96003341674805,0.9918821454048157
603,6.36197510175407e-05,4.667156e-06,41.96467971801758,0.9919139742851257
604,6.36172917438671e-05,4.6204846e-06,41.960853576660156,0.9919127821922302
605,6.361485429806635e-05,4.57428e-06,41.97189712524414,0.9919254183769226
606,6.36123659205623e-05,4.528537e-06,41.96187973022461,0.9918954372406006
607,6.36100594419986e-05,4.483252e-06,41.9597282409668,0.9919066429138184
608,6.360776023939252e-05,4.438419e-06,41.973262786865234,0.9919240474700928
609,6.360542465699837e-05,4.394035e-06,41.96578598022461,0.9918930530548096
610,6.360319821396843e-05,4.3500945e-06,41.96760177612305,0.991919994354248
611,6.36010299785994e-05,4.306594e-06,41.966121673583984,0.991932213306427
612,6.3598774431739e-05,4.263528e-06,41.968936920166016,0.9919063448905945
613,6.359665712807328e-05,4.2208926e-06,41.95145797729492,0.9918646812438965
614,6.35944670648314e-05,4.1786834e-06,41.96168899536133,0.9919061660766602
615,6.35922551737167e-05,4.1368967e-06,41.95993423461914,0.9918891787528992
616,6.359029794111848e-05,4.095528e-06,41.96966552734375,0.9919217228889465
617,6.358818063745275e-05,4.0545724e-06,41.97735595703125,0.9919180274009705
618,6.358609243761748e-05,4.0140267e-06,41.95991134643555,0.9918906688690186
619,6.358410610118881e-05,3.9738866e-06,41.9743766784668,0.9919350743293762
620,6.358206883305684e-05,3.9341476e-06,41.959930419921875,0.9919210076332092
621,6.358016980811954e-05,3.894806e-06,41.96433639526367,0.9919101595878601
622,6.357817619573325e-05,3.855858e-06,41.96330642700195,0.9918839931488037
623,6.357622623909265e-05,3.8172993e-06,41.961708068847656,0.991893470287323
624,6.357437814585865e-05,3.7791265e-06,41.97312927246094,0.9919273257255554
625,6.357247912092134e-05,3.7413351e-06,41.9725227355957,0.9919190406799316
626,6.357064557960257e-05,3.703922e-06,41.98222732543945,0.9919485449790955
627,6.356877565849572e-05,3.6668825e-06,41.96519088745117,0.9919140934944153
628,6.356703670462593e-05,3.6302138e-06,41.98632049560547,0.9919469952583313
629,6.356516678351909e-05,3.5939117e-06,41.978153228759766,0.9919503331184387
630,6.356336234603077e-05,3.5579726e-06,41.956329345703125,0.9918935298919678
631,6.356165977194905e-05,3.5223927e-06,41.954307556152344,0.9918756484985352
632,6.356007361318916e-05,3.487169e-06,41.96892547607422,0.9919206500053406
633,6.355826189974323e-05,3.4522973e-06,41.98672866821289,0.991957426071167
634,6.355653022183105e-05,3.4177742e-06,41.97810363769531,0.9919280409812927
635,6.35549149592407e-05,3.3835965e-06,41.96211624145508,0.9919094443321228
636,6.355325604090467e-05,3.3497606e-06,41.962303161621094,0.9918887615203857
637,6.355164805427194e-05,3.316263e-06,41.96339797973633,0.9919095635414124
638,6.355001096380875e-05,3.2831003e-06,41.9678840637207,0.9919082522392273
639,6.354845390887931e-05,3.2502692e-06,41.960243225097656,0.9918970465660095
640,6.35469114058651e-05,3.2177666e-06,41.97579574584961,0.9919397234916687
641,6.354529614327475e-05,3.1855889e-06,41.97571563720703,0.991938054561615
642,6.354371726047248e-05,3.1537331e-06,41.966251373291016,0.9918956160545349
643,6.35422402410768e-05,3.1221957e-06,41.97989273071289,0.9919388294219971
644,6.354077777359635e-05,3.0909737e-06,41.980220794677734,0.9919171333312988
645,6.353925709845498e-05,3.060064e-06,41.95967483520508,0.9918918013572693
646,6.353779463097453e-05,3.0294634e-06,41.97550964355469,0.991923987865448
647,6.353638309519738e-05,2.9991688e-06,41.96439743041992,0.9918888211250305
648,6.353489879984409e-05,2.969177e-06,41.96543502807617,0.9918878078460693
649,6.353349454002455e-05,2.9394853e-06,41.971248626708984,0.9919185638427734
650,6.353209028020501e-05,2.9100904e-06,41.95735168457031,0.991864025592804
651,6.35307005723007e-05,2.8809895e-06,41.972896575927734,0.9919301867485046
652,6.352946365950629e-05,2.8521797e-06,41.97905349731445,0.9919182658195496
653,6.352801574394107e-05,2.8236577e-06,41.965450286865234,0.9919126629829407
654,6.352668424369767e-05,2.7954213e-06,41.96407699584961,0.9919202923774719
655,6.352535274345428e-05,2.767467e-06,41.97210693359375,0.9919193387031555
656,6.352394120767713e-05,2.7397923e-06,41.98088455200195,0.9919242858886719
657,6.352263881126419e-05,2.7123945e-06,41.979129791259766,0.9919464588165283
658,6.352143827825785e-05,2.6852706e-06,41.981876373291016,0.9919281005859375
659,6.352014315780252e-05,2.6584178e-06,41.96883773803711,0.9919005036354065
660,6.351891352096573e-05,2.6318337e-06,41.9693603515625,0.9919268488883972
661,6.351768388412893e-05,2.6055152e-06,41.980098724365234,0.9919304251670837
662,6.351643241941929e-05,2.5794602e-06,41.97624969482422,0.9919350743293762
663,6.351519550662488e-05,2.5536656e-06,41.981346130371094,0.9919200539588928
664,6.351400224957615e-05,2.5281288e-06,41.97615051269531,0.9919235110282898
665,6.351282354444265e-05,2.5028476e-06,41.991607666015625,0.9919440746307373
666,6.351163756335154e-05,2.4778192e-06,41.96834182739258,0.9919066429138184
667,6.351048068609089e-05,2.453041e-06,41.97665786743164,0.991936981678009
668,6.3509309256915e-05,2.4285105e-06,41.98367691040039,0.991952657699585
669,6.350821058731526e-05,2.4042254e-06,41.974613189697266,0.9919037818908691
670,6.350709736580029e-05,2.380183e-06,41.972354888916016,0.9919264316558838
671,6.350594048853964e-05,2.3563814e-06,41.96800231933594,0.9919123649597168
672,6.350492185447365e-05,2.3328175e-06,41.970577239990234,0.991899311542511
673,6.350373587338254e-05,2.3094892e-06,41.968814849853516,0.9919256567955017
674,6.350271723931655e-05,2.2863944e-06,41.96516036987305,0.9918842315673828
675,6.350164039758965e-05,2.2635304e-06,41.966861724853516,0.9919092059135437
676,6.350056355586275e-05,2.2408951e-06,41.96018981933594,0.9918821454048157
677,6.349953764583915e-05,2.2184863e-06,41.97842025756836,0.9919248223304749
678,6.349852628773078e-05,2.1963015e-06,41.998748779296875,0.9919700026512146
679,6.34974567219615e-05,2.1743383e-06,41.988094329833984,0.991942822933197
680,6.349641626002267e-05,2.152595e-06,41.976444244384766,0.9919113516807556
681,6.349544128170237e-05,2.131069e-06,41.987064361572266,0.9919552206993103
682,6.349443719955161e-05,2.1097583e-06,41.96733474731445,0.9919090270996094
683,6.3493505876977e-05,2.0886607e-06,41.989200592041016,0.9919678568840027
684,6.349250179482624e-05,2.0677742e-06,41.976436614990234,0.991940975189209
685,6.349154864437878e-05,2.0470964e-06,41.9682731628418,0.991906464099884
686,6.34905809420161e-05,2.0266255e-06,41.97294998168945,0.991920530796051
687,6.348968599922955e-05,2.0063592e-06,41.97068405151367,0.9919193387031555
688,6.348875467665493e-05,1.9862955e-06,41.97770309448242,0.991924524307251
689,6.34878160781227e-05,1.9664326e-06,41.97499465942383,0.9919266700744629
690,6.348687747959048e-05,1.9467684e-06,41.968379974365234,0.9919123649597168
691,6.348597526084632e-05,1.9273007e-06,41.99001693725586,0.991961658000946
692,6.348513124976307e-05,1.9080276e-06,41.9704475402832,0.9919120669364929
693,6.348419992718846e-05,1.8889474e-06,41.987918853759766,0.9919705390930176
694,6.348337774397805e-05,1.8700579e-06,41.98188400268555,0.9919363856315613
695,6.348246824927628e-05,1.8513573e-06,41.99198532104492,0.9919741749763489
696,6.348163151415065e-05,1.8328437e-06,41.97125244140625,0.991899311542511
697,6.348079477902502e-05,1.8145153e-06,41.9869384765625,0.9919354319572449
698,6.347993621602654e-05,1.7963702e-06,41.994140625,0.9919832348823547
699,6.347907765302807e-05,1.7784064e-06,41.971580505371094,0.9919167160987854
700,6.347826274577528e-05,1.7606224e-06,41.97966766357422,0.9919471740722656
701,6.34774478385225e-05,1.7430161e-06,41.97888946533203,0.9919340014457703
702,6.347670569084585e-05,1.725586e-06,41.9754524230957,0.9919305443763733
703,6.34758616797626e-05,1.7083302e-06,41.97256088256836,0.9919133186340332
704,6.347506860038266e-05,1.6912468e-06,41.98017501831055,0.9919562339782715
705,6.347426096908748e-05,1.6743344e-06,41.965057373046875,0.9918873906135559
706,6.347351154545322e-05,1.657591e-06,41.98734664916992,0.9919574856758118
707,6.347274029394612e-05,1.641015e-06,41.97012710571289,0.9919309616088867
708,6.347198359435424e-05,1.6246049e-06,41.983028411865234,0.9919398427009583
709,6.347122689476237e-05,1.6083588e-06,41.97470474243164,0.9919336438179016
710,6.34705284028314e-05,1.5922753e-06,41.97751235961914,0.991922914981842
711,6.34697571513243e-05,1.5763526e-06,41.97816848754883,0.9919307827949524
712,6.346905138343573e-05,1.560589e-06,41.9798698425293,0.9919360280036926
713,6.346830923575908e-05,1.5449831e-06,41.97358322143555,0.9919092059135437
714,6.346759619191289e-05,1.5295333e-06,42.008575439453125,0.9919881820678711
715,6.34668831480667e-05,1.514238e-06,41.980010986328125,0.9919333457946777
716,6.346622103592381e-05,1.4990956e-06,41.966522216796875,0.9919189810752869
717,6.346550799207762e-05,1.4841046e-06,41.9818115234375,0.9919605255126953
718,6.346481677610427e-05,1.4692636e-06,41.9583854675293,0.9918784499168396
719,6.346412556013092e-05,1.4545709e-06,41.97235870361328,0.9919225573539734
720,6.346347799990326e-05,1.4400252e-06,41.992488861083984,0.9919512867927551
721,6.346282316371799e-05,1.425625e-06,41.96294021606445,0.9918763041496277
722,6.346213922370225e-05,1.4113688e-06,41.9627799987793,0.9918918013572693
723,6.346149166347459e-05,1.397255e-06,41.9738655090332,0.9919223785400391
724,6.346088775899261e-05,1.3832826e-06,41.98115158081055,0.9919280409812927
725,6.346024747472256e-05,1.3694497e-06,41.976226806640625,0.9919238090515137
726,6.345961446641013e-05,1.3557552e-06,41.98756790161133,0.9919300079345703
727,6.345896690618247e-05,1.3421976e-06,41.97331619262695,0.9919131398200989
728,6.345836300170049e-05,1.3287756e-06,41.96891403198242,0.9919058680534363
729,6.345772999338806e-05,1.3154879e-06,41.96150588989258,0.9918975234031677
730,6.34571333648637e-05,1.302333e-06,41.97926712036133,0.9919242262840271
731,6.345654401229694e-05,1.2893097e-06,41.97987747192383,0.9919527173042297
732,6.345591100398451e-05,1.2764166e-06,41.97572708129883,0.9919103980064392
733,6.34553434792906e-05,1.2636524e-06,41.97124099731445,0.9919273257255554
734,6.345473229885101e-05,1.2510159e-06,41.990665435791016,0.9919581413269043
735,6.345418660202995e-05,1.2385058e-06,41.97566604614258,0.9919352531433105
736,6.345360452542081e-05,1.2261207e-06,42.00390625,0.9919834733009338
737,6.345303700072691e-05,1.2138595e-06,41.98893737792969,0.9919445514678955
738,6.345250585582107e-05,1.2017209e-06,41.969696044921875,0.9919230937957764
739,6.345193105516955e-05,1.1897037e-06,41.968570709228516,0.9919121861457825
740,6.345137808239087e-05,1.1778067e-06,41.972782135009766,0.9918949007987976
741,6.345081055769697e-05,1.1660286e-06,41.9820556640625,0.9919524788856506
742,6.345028668874875e-05,1.1543683e-06,41.97369384765625,0.9919360280036926
743,6.344972644001245e-05,1.1428247e-06,41.96730422973633,0.9919217228889465
744,6.344920984702185e-05,1.1313964e-06,41.9868049621582,0.9919628500938416
745,6.344869325403124e-05,1.1200824e-06,41.96780776977539,0.9919112324714661
746,6.344818393699825e-05,1.1088815e-06,41.97248458862305,0.9919077754020691
747,6.344767461996526e-05,1.0977927e-06,41.979827880859375,0.9919397830963135
748,6.344719440676272e-05,1.0868148e-06,41.99641799926758,0.9919732213020325
749,6.344664870994166e-05,1.0759467e-06,41.98653793334961,0.9919515252113342
750,6.344613939290866e-05,1.0651872e-06,41.96835708618164,0.9919025301933289
751,6.34456446277909e-05,1.0545353e-06,41.991905212402344,0.9919583797454834
752,6.344514986267313e-05,1.04399e-06,41.97356033325195,0.9919179081916809
753,6.344464782159775e-05,1.0335501e-06,41.9730339050293,0.9919272065162659
754,6.344418943626806e-05,1.0232146e-06,41.96835708618164,0.9919023513793945
755,6.344368739519268e-05,1.0129825e-06,41.994598388671875,0.9919721484184265
756,6.344326538965106e-05,1.0028526e-06,41.98887252807617,0.9919552206993103
757,6.344278517644852e-05,9.928241e-07,41.9712028503418,0.9919357299804688
758,6.344233406707644e-05,9.828958e-07,41.98454666137695,0.9919652342796326
759,6.344188295770437e-05,9.730669e-07,41.9775505065918,0.9919345378875732
760,6.344141729641706e-05,9.633362e-07,41.976993560791016,0.9919368624687195
761,6.344097346300259e-05,9.537029e-07,41.995670318603516,0.991973340511322
762,6.344050780171528e-05,9.4416583e-07,41.99840545654297,0.9919688105583191
763,6.344007852021605e-05,9.347242e-07,41.98466110229492,0.9919416308403015
764,6.34396419627592e-05,9.253769e-07,41.997257232666016,0.9919824004173279
765,6.343919812934473e-05,9.1612316e-07,41.97116470336914,0.9919059872627258
766,6.34388197795488e-05,9.0696193e-07,41.96292495727539,0.9918894171714783
767,6.343836867017671e-05,8.9789233e-07,41.96698760986328,0.9919143319129944
768,6.343796121655032e-05,8.889134e-07,41.9728889465332,0.9919157028198242
769,6.343753193505108e-05,8.8002423e-07,41.961483001708984,0.9918701648712158
770,6.343709537759423e-05,8.71224e-07,41.98348617553711,0.9919344782829285
771,6.343670247588307e-05,8.625118e-07,41.9841423034668,0.9919382929801941
772,6.34363095741719e-05,8.5388666e-07,41.964874267578125,0.9918933510780334
773,6.343591667246073e-05,8.453478e-07,41.98122787475586,0.9919460415840149
774,6.343549466691911e-05,8.368943e-07,41.997196197509766,0.9919679164886475
775,6.343510904116556e-05,8.2852534e-07,41.9813346862793,0.9919443130493164
776,6.343470886349678e-05,8.2024013e-07,41.97404098510742,0.9919242262840271
777,6.343439599731937e-05,8.120377e-07,41.97489547729492,0.9919247627258301
778,6.343397399177775e-05,8.039173e-07,41.9859504699707,0.9919230937957764
779,6.34335883660242e-05,7.958782e-07,41.98716735839844,0.9919320940971375
780,6.343321001622826e-05,7.8791936e-07,41.979766845703125,0.9919260144233704
781,6.343283894238994e-05,7.800402e-07,41.96590042114258,0.9919053912162781
782,6.3432460592594e-05,7.722398e-07,42.012447357177734,0.9919922947883606
783,6.343211862258613e-05,7.645174e-07,41.99213790893555,0.9919619560241699
784,6.343176210066304e-05,7.568722e-07,41.97923278808594,0.9919387698173523
785,6.343139102682471e-05,7.4930347e-07,41.97871017456055,0.9919268488883972
786,6.343104905681685e-05,7.418105e-07,41.968833923339844,0.9918705821037292
787,6.343070708680898e-05,7.3439236e-07,41.97809982299805,0.9919255375862122
788,6.343034328892827e-05,7.270484e-07,41.979454040527344,0.9919276237487793
789,6.343000859487802e-05,7.197779e-07,41.97454071044922,0.9919276833534241
790,6.342966662487015e-05,7.125802e-07,41.981239318847656,0.9919362664222717
791,6.342933920677751e-05,7.0545434e-07,41.98162841796875,0.9919528961181641
792,6.342900451272726e-05,6.9839984e-07,41.971126556396484,0.9919224381446838
793,6.342867709463462e-05,6.9141583e-07,41.98675537109375,0.9919516444206238
794,6.342834967654198e-05,6.845017e-07,41.973018646240234,0.9919175505638123
795,6.342802225844935e-05,6.7765666e-07,41.983543395996094,0.9919567704200745
796,6.342771666822955e-05,6.7088007e-07,41.97849655151367,0.9919303059577942
797,6.342738925013691e-05,6.641713e-07,41.97235107421875,0.991912305355072
798,6.342706910800189e-05,6.5752954e-07,41.99101638793945,0.9919573664665222
799,6.342676351778209e-05,6.509543e-07,42.00759506225586,0.991982638835907
800,6.34264579275623e-05,6.4444475e-07,41.97539138793945,0.9919285178184509
801,6.34261523373425e-05,6.380003e-07,42.00191879272461,0.9919726252555847
802,6.34258467471227e-05,6.3162025e-07,41.988468170166016,0.9919478893280029
803,6.342554115690291e-05,6.253041e-07,41.9983024597168,0.9919848442077637
804,6.342524284264073e-05,6.1905104e-07,41.96404266357422,0.9918878078460693
805,6.342496635625139e-05,6.128605e-07,41.96775817871094,0.9918724894523621
806,6.342465349007398e-05,6.0673193e-07,41.981624603271484,0.9919242858886719
807,6.342438427964225e-05,6.006646e-07,41.981388092041016,0.9919304847717285
808,6.34241005172953e-05,5.9465793e-07,41.97062301635742,0.9919180274009705
809,6.342381675494835e-05,5.887114e-07,41.98226547241211,0.9919552206993103
810,6.342354026855901e-05,5.8282427e-07,41.97747802734375,0.9919312596321106
811,6.342325650621206e-05,5.76996e-07,41.9754638671875,0.9919320940971375
812,6.34229727438651e-05,5.7122605e-07,41.970516204833984,0.9918918609619141
813,6.342272536130622e-05,5.655138e-07,41.999271392822266,0.9919713139533997
814,6.34224561508745e-05,5.598587e-07,41.97697448730469,0.9919012188911438
815,6.342217966448516e-05,5.5426005e-07,41.97085952758789,0.9919026494026184
816,6.342191045405343e-05,5.487175e-07,41.97111892700195,0.9919080138206482
817,6.342166307149455e-05,5.4323027e-07,41.97068786621094,0.9919078350067139
818,6.342140113702044e-05,5.37798e-07,42.00015640258789,0.9919657707214355
819,6.342113192658871e-05,5.3242e-07,41.98256301879883,0.9919223189353943
820,6.342089181998745e-05,5.2709584e-07,41.97105026245117,0.9918907284736633
821,6.342063716147095e-05,5.2182486e-07,41.97610855102539,0.9919493198394775
822,6.342038977891207e-05,5.1660663e-07,41.985870361328125,0.9919454455375671
823,6.342014239635319e-05,5.1144053e-07,41.9738655090332,0.9919405579566956
824,6.341988773783669e-05,5.0632616e-07,41.9680290222168,0.991877555847168
825,6.341965490719303e-05,5.012629e-07,41.99342727661133,0.9919828772544861
826,6.341941480059177e-05,4.9625027e-07,41.98935317993164,0.9919570088386536
827,6.34191746939905e-05,4.912877e-07,41.97599411010742,0.991894006729126
828,6.341894913930446e-05,4.8637486e-07,41.99009323120117,0.9919342994689941
829,6.341870175674558e-05,4.815111e-07,41.97933578491211,0.9919235110282898
830,6.341847620205954e-05,4.7669602e-07,41.97166061401367,0.99192214012146
831,6.341825792333111e-05,4.7192904e-07,41.98481750488281,0.9919368624687195
832,6.341801054077223e-05,4.6720976e-07,41.97274398803711,0.991905927658081
833,6.341780681395903e-05,4.6253766e-07,41.9732780456543,0.9919202327728271
834,6.341757398331538e-05,4.5791228e-07,41.9863166809082,0.9919419288635254
835,6.341736298054457e-05,4.5333314e-07,41.975528717041016,0.9919237494468689
836,6.341713014990091e-05,4.4879982e-07,41.98772048950195,0.9919521808624268
837,6.341692642308772e-05,4.4431184e-07,41.98020935058594,0.9919210076332092
838,6.34167154203169e-05,4.398687e-07,41.982791900634766,0.9919342994689941
839,6.341648258967325e-05,4.3547e-07,41.96976089477539,0.9918909072875977
840,6.341628613881767e-05,4.3111532e-07,41.9752197265625,0.9919206500053406
841,6.341608241200447e-05,4.2680418e-07,42.002559661865234,0.9919871687889099
842,6.341587868519127e-05,4.2253612e-07,41.96922302246094,0.9919040203094482
843,6.341566768242046e-05,4.1831078e-07,41.96923828125,0.991894543170929
844,6.341545667964965e-05,4.1412767e-07,41.97847366333008,0.9919336438179016
845,6.341526750475168e-05,4.0998637e-07,42.00217819213867,0.9919621348381042
846,6.34150710538961e-05,4.058865e-07,41.97671890258789,0.991925060749054
847,6.341488187899813e-05,4.0182766e-07,41.9758415222168,0.9919046759605408
848,6.341467815218493e-05,3.9780937e-07,41.97871398925781,0.9919257164001465
849,6.341448170132935e-05,3.9383127e-07,41.96381759643555,0.9918942451477051
850,6.341429252643138e-05,3.8989296e-07,41.9739875793457,0.9919150471687317
851,6.341410335153341e-05,3.8599404e-07,41.9794807434082,0.9919260144233704
852,6.341390690067783e-05,3.821341e-07,41.9952507019043,0.9919689297676086
853,6.341373227769509e-05,3.7831276e-07,41.979068756103516,0.9919136166572571
854,6.341355765471235e-05,3.7452963e-07,41.984256744384766,0.991932213306427
855,6.341336120385677e-05,3.7078433e-07,41.972843170166016,0.991910994052887
856,6.341319385683164e-05,3.670765e-07,42.000675201416016,0.9919898509979248
857,6.341300468193367e-05,3.6340572e-07,41.9892578125,0.9919559955596924
858,6.341283005895093e-05,3.5977166e-07,42.009281158447266,0.9919943809509277
859,6.341266998788342e-05,3.5617396e-07,41.99491500854492,0.9919636845588684
860,6.341248081298545e-05,3.526122e-07,41.976688385009766,0.991936981678009
861,6.341231346596032e-05,3.490861e-07,41.97244644165039,0.9919106364250183
862,6.341213884297758e-05,3.4559523e-07,41.98925018310547,0.9919511675834656
863,6.341197149595246e-05,3.421393e-07,41.982696533203125,0.9919289946556091
864,6.341179687296972e-05,3.3871788e-07,41.969303131103516,0.9919074177742004
865,6.341164407785982e-05,3.353307e-07,41.97621536254883,0.9919142723083496
866,6.341146945487708e-05,3.319774e-07,41.97494125366211,0.9919379353523254
867,6.341130938380957e-05,3.2865762e-07,41.9852180480957,0.9919745922088623
868,6.341114931274205e-05,3.2537105e-07,41.98699951171875,0.9919545650482178
869,6.341100379358977e-05,3.2211733e-07,41.98680114746094,0.9919376373291016
870,6.341083644656464e-05,3.1889616e-07,41.97048568725586,0.9918935298919678
871,6.341067637549713e-05,3.157072e-07,41.99687957763672,0.9919729828834534
872,6.341052358038723e-05,3.1255013e-07,41.969581604003906,0.9918858408927917
873,6.341037806123495e-05,3.0942462e-07,41.97216796875,0.9919063448905945
874,6.341021071420982e-05,3.0633038e-07,41.990234375,0.9919615387916565
875,6.341006519505754e-05,3.032671e-07,41.98477554321289,0.9919586181640625
876,6.340990512399003e-05,3.002344e-07,41.974483489990234,0.9919288158416748
877,6.340976688079536e-05,2.9723208e-07,41.9898567199707,0.9919479489326477
878,6.340962136164308e-05,2.9425973e-07,41.965755462646484,0.9918990731239319
879,6.340946856653318e-05,2.9131715e-07,41.97251510620117,0.9919130206108093
880,6.340933759929612e-05,2.8840398e-07,41.97415542602539,0.9919140934944153
881,6.340918480418622e-05,2.8551995e-07,41.98225402832031,0.9919075965881348
882,6.340905383694917e-05,2.8266473e-07,41.97929763793945,0.9919063448905945
883,6.340890831779689e-05,2.7983808e-07,41.9851188659668,0.9919303059577942
884,6.34087627986446e-05,2.770397e-07,41.98153305053711,0.99192214012146
885,6.340863910736516e-05,2.742693e-07,41.975685119628906,0.9919142127037048
886,6.340850086417049e-05,2.7152663e-07,41.98018264770508,0.9919131398200989
887,6.340836262097582e-05,2.6881136e-07,41.97514343261719,0.991926908493042
888,6.340822437778115e-05,2.6612324e-07,41.9810791015625,0.9919293522834778
889,6.340810068650171e-05,2.63462e-07,41.994834899902344,0.9919455051422119
890,6.340796244330704e-05,2.608274e-07,42.00661087036133,0.9919752478599548
891,6.340783147606999e-05,2.582191e-07,41.977447509765625,0.9919310212135315
892,6.340771506074816e-05,2.5563693e-07,41.97419738769531,0.991895854473114
893,6.34075840935111e-05,2.5308054e-07,41.99092102050781,0.9919707179069519
894,6.340745312627405e-05,2.5054973e-07,41.984371185302734,0.9919371604919434
895,6.340733671095222e-05,2.4804424e-07,41.976959228515625,0.9919238090515137
896,6.340720574371517e-05,2.455638e-07,41.999691009521484,0.9919683337211609
897,6.340708932839334e-05,2.4310816e-07,41.98318099975586,0.9919373393058777
898,6.340697291307151e-05,2.4067708e-07,41.977996826171875,0.9919164180755615
899,6.340684194583446e-05,2.3827032e-07,41.977149963378906,0.9919238090515137
900,6.340672553051263e-05,2.3588761e-07,41.987037658691406,0.9919546246528625
901,6.340662366710603e-05,2.3352874e-07,41.99998092651367,0.9919820427894592
902,6.340649997582659e-05,2.3119345e-07,41.98929977416992,0.9919666647911072
903,6.340638356050476e-05,2.2888152e-07,41.977535247802734,0.9919188618659973
904,6.340625986922532e-05,2.265927e-07,41.98334884643555,0.9919442534446716
905,6.340615072986111e-05,2.2432677e-07,41.9752311706543,0.991912841796875
906,6.34060415904969e-05,2.220835e-07,41.97977828979492,0.9919328093528748
907,6.340593245113268e-05,2.1986267e-07,41.98788070678711,0.9919540882110596
908,6.340582331176847e-05,2.1766404e-07,41.96873092651367,0.9918971657752991
909,6.340570689644665e-05,2.154874e-07,41.99570846557617,0.991959273815155
910,6.340559775708243e-05,2.1333253e-07,41.982574462890625,0.9919164776802063
911,6.340549589367583e-05,2.1119921e-07,41.99509048461914,0.9919653534889221
912,6.340538675431162e-05,2.090872e-07,41.9864501953125,0.9919633269309998
913,6.340528489090502e-05,2.0699633e-07,41.96913146972656,0.9918975234031677
914,6.340518302749842e-05,2.0492638e-07,41.97282409667969,0.9919034838676453
915,6.340507388813421e-05,2.0287712e-07,41.99216079711914,0.9919665455818176
916,6.340495747281238e-05,2.0084833e-07,41.98368453979492,0.9919365048408508
917,6.34048628853634e-05,1.9883986e-07,41.9896240234375,0.9919485449790955
918,6.340476829791442e-05,1.9685146e-07,41.9837532043457,0.9919394850730896
919,6.340467371046543e-05,1.9488294e-07,41.97761154174805,0.9919247627258301
920,6.340457184705883e-05,1.9293411e-07,41.974891662597656,0.9919061064720154
921,6.340447725960985e-05,1.9100477e-07,41.98175048828125,0.9919252991676331
922,6.340437539620325e-05,1.8909472e-07,41.9747314453125,0.991895854473114
923,6.340428808471188e-05,1.8720378e-07,41.97178268432617,0.9919096827507019
924,6.34041934972629e-05,1.8533174e-07,41.97743606567383,0.991936981678009
925,6.340409890981391e-05,1.8347842e-07,41.97343063354492,0.9919078946113586
926,6.340400432236493e-05,1.8164364e-07,41.967288970947266,0.9918971061706543
927,6.340390973491594e-05,1.798272e-07,42.005550384521484,0.9919851422309875
928,6.340382242342457e-05,1.7802893e-07,41.966670989990234,0.9919028878211975
929,6.34037351119332e-05,1.7624865e-07,41.97871398925781,0.9919276237487793
930,6.340364052448422e-05,1.7448616e-07,41.98176193237305,0.9919329285621643
931,6.340355321299285e-05,1.727413e-07,41.9747314453125,0.9919073581695557
932,6.340345862554386e-05,1.7101388e-07,41.97868728637695,0.9919360280036926
933,6.34033785900101e-05,1.6930375e-07,41.984554290771484,0.9919359683990479
934,6.340329855447635e-05,1.6761071e-07,41.98610305786133,0.9919673800468445
935,6.340321124298498e-05,1.659346e-07,41.9716796875,0.9919030666351318
936,6.340312393149361e-05,1.6427525e-07,41.99528884887695,0.9919713139533997
937,6.340303662000224e-05,1.626325e-07,41.98118209838867,0.9919107556343079
938,6.340294930851087e-05,1.6100617e-07,41.97598648071289,0.9919319152832031
939,6.340286927297711e-05,1.5939611e-07,41.970829010009766,0.9918963313102722
940,6.340278196148574e-05,1.5780215e-07,41.97937774658203,0.9919314980506897
941,6.340270192595199e-05,1.5622413e-07,41.97202682495117,0.9919019341468811
942,6.340263644233346e-05,1.5466189e-07,41.97702407836914,0.9919102191925049
943,6.34025564067997e-05,1.5311527e-07,41.97926712036133,0.9919163584709167
944,6.340247637126595e-05,1.5158412e-07,41.975032806396484,0.99191814661026
945,6.34024036116898e-05,1.5006827e-07,41.97966003417969,0.9919474720954895
946,6.340231630019844e-05,1.485676e-07,41.988250732421875,0.9919531345367432
947,6.34022435406223e-05,1.4708192e-07,41.98207092285156,0.9919342994689941
948,6.340217078104615e-05,1.456111e-07,41.981285095214844,0.991960346698761
949,6.34020907455124e-05,1.4415498e-07,41.99113845825195,0.9919502139091492
950,6.340201798593625e-05,1.4271343e-07,41.96914291381836,0.9919068217277527
951,6.340194522636011e-05,1.412863e-07,41.98686981201172,0.9919590950012207
952,6.340187246678397e-05,1.3987344e-07,41.96815872192383,0.9919112324714661
953,6.340180698316544e-05,1.384747e-07,41.970367431640625,0.9918926358222961
954,6.34017342235893e-05,1.3708996e-07,41.990360260009766,0.991929292678833
955,6.340165418805555e-05,1.3571906e-07,41.98274612426758,0.9919217228889465
956,6.340160325635225e-05,1.3436187e-07,41.983219146728516,0.9919450879096985
957,6.340152322081849e-05,1.3301825e-07,41.96866989135742,0.9918891787528992
958,6.340145773719996e-05,1.3168807e-07,41.976314544677734,0.9919304847717285
959,6.340138497762382e-05,1.3037119e-07,42.00608444213867,0.991965115070343
960,6.340131221804768e-05,1.2906747e-07,41.97945022583008,0.9919085502624512
961,6.340124673442915e-05,1.277768e-07,41.974029541015625,0.9919161796569824
962,6.340118852676824e-05,1.2649903e-07,41.9805908203125,0.9919489026069641
963,6.34011157671921e-05,1.2523404e-07,41.98543930053711,0.9919288754463196
964,6.340105755953118e-05,1.239817e-07,41.98014450073242,0.9919106960296631
965,6.340099207591265e-05,1.2274188e-07,41.971832275390625,0.991910457611084
966,6.340091931633651e-05,1.2151446e-07,41.970706939697266,0.9919007420539856
967,6.340086838463321e-05,1.2029932e-07,41.981163024902344,0.9919252395629883
968,6.340079562505707e-05,1.1909633e-07,41.97945785522461,0.9919334053993225
969,6.340074469335377e-05,1.17905365e-07,41.97502517700195,0.9919307827949524
970,6.340068648569286e-05,1.1672631e-07,41.97603225708008,0.9919276237487793
971,6.340062100207433e-05,1.1555905e-07,41.98630905151367,0.9919359683990479
972,6.340056279441342e-05,1.14403456e-07,41.99783706665039,0.9919524192810059
973,6.340051186271012e-05,1.13259425e-07,41.979549407958984,0.9919228553771973
974,6.340043910313398e-05,1.1212683e-07,41.98875045776367,0.991967499256134
975,6.340038089547306e-05,1.1100556e-07,41.989253997802734,0.9919631481170654
976,6.340032996376976e-05,1.098955e-07,41.968570709228516,0.9918925166130066
977,6.340027175610885e-05,1.0879655e-07,41.986419677734375,0.9919417500495911
978,6.340022082440555e-05,1.0770858e-07,41.968994140625,0.9919097423553467
979,6.340015534078702e-05,1.066315e-07,41.9725456237793,0.9918792843818665
980,6.340010440908372e-05,1.05565185e-07,41.982513427734375,0.9919378757476807
981,6.340004620142281e-05,1.0450953e-07,41.982177734375,0.991950511932373
982,6.33999879937619e-05,1.0346444e-07,41.97837829589844,0.991927444934845
983,6.33999370620586e-05,1.0242979e-07,41.97434997558594,0.9919295310974121
984,6.33998861303553e-05,1.0140549e-07,41.97414016723633,0.9919061660766602
985,6.3399835198652e-05,1.0039144e-07,41.99086380004883,0.9919543266296387
986,6.339977699099109e-05,9.938752e-08,41.977073669433594,0.9919273853302002
987,6.339972605928779e-05,9.839365e-08,41.99557876586914,0.9919676184654236
988,6.33996824035421e-05,9.740971e-08,41.968929290771484,0.9918956756591797
989,6.33996314718388e-05,9.643561e-08,41.9788703918457,0.9919268488883972
990,6.33995805401355e-05,9.547126e-08,41.964237213134766,0.9918882846832275
991,6.33995296084322e-05,9.4516544e-08,41.9776725769043,0.9919178485870361
992,6.33994786767289e-05,9.357138e-08,41.99198532104492,0.9919460415840149
993,6.33994277450256e-05,9.2635666e-08,41.98525619506836,0.9919509887695312
994,6.33993768133223e-05,9.170931e-08,41.9694709777832,0.9919092059135437
995,6.3399325881619e-05,9.079222e-08,41.9792366027832,0.9919250011444092
996,6.339928950183094e-05,8.9884296e-08,41.977413177490234,0.991919755935669
997,6.339923857012764e-05,8.898545e-08,41.97932434082031,0.9919178485870361
998,6.339919491438195e-05,8.80956e-08,41.97414016723633,0.9919095635414124
999,6.339914398267865e-05,8.7214644e-08,41.96541976928711,0.9918854236602783
